{
  "status": "ok",
  "task": "regression",
  "target": "saleprice",
  "best_model": "GradientBoosting",
  "best_score": 0.9062,
  "leaderboard": [
    {
      "model": "LinearRegression",
      "score": 0.8867
    },
    {
      "model": "DecisionTree",
      "score": 0.7787
    },
    {
      "model": "RandomForest",
      "score": 0.8922
    },
    {
      "model": "GradientBoosting",
      "score": 0.9062
    }
  ],
  "feature_importance": {
    "overallqual": 0.512999,
    "grlivarea": 0.141028,
    "garagecars": 0.044101,
    "totalbsmtsf": 0.040945,
    "bsmtfinsf1": 0.031614,
    "1stflrsf": 0.029993,
    "2ndflrsf": 0.029122,
    "lotarea": 0.01884,
    "garagefinish_Unf": 0.016674,
    "bsmtqual_Ex": 0.014884,
    "yearbuilt": 0.01447,
    "fireplaces": 0.011114,
    "kitchenqual_Ex": 0.008119,
    "yearremodadd": 0.008108,
    "fullbath": 0.007012,
    "overallcond": 0.006773,
    "garageyrblt": 0.005214,
    "landcontour_Bnk": 0.004911,
    "garagearea": 0.004302,
    "kitchenqual_TA": 0.003249,
    "condition1_Norm": 0.002985,
    "screenporch": 0.00295,
    "saletype_New": 0.002473,
    "openporchsf": 0.002455,
    "kitchenqual_Gd": 0.002357,
    "centralair_N": 0.00192,
    "mszoning_RM": 0.001797,
    "bsmtqual_Gd": 0.001713,
    "neighborhood_Crawfor": 0.001484,
    "bsmtexposure_No": 0.00144,
    "bsmtfintype1_GLQ": 0.001297,
    "bsmtexposure_Gd": 0.00126,
    "poolarea": 0.001242,
    "bsmtfinsf2": 0.001188,
    "centralair_Y": 0.00115,
    "halfbath": 0.001093,
    "lotfrontage": 0.001007,
    "bsmtfullbath": 0.00093,
    "functional_Typ": 0.00089,
    "salecondition_Abnorml": 0.000881,
    "mosold": 0.000854,
    "exterior1st_BrkFace": 0.000799,
    "bldgtype_1Fam": 0.000732,
    "neighborhood_StoneBr": 0.000713,
    "neighborhood_Edwards": 0.000707,
    "totrmsabvgrd": 0.000692,
    "wooddecksf": 0.00069,
    "lotconfig_CulDSac": 0.000654,
    "mszoning_RL": 0.000618,
    "bsmtunfsf": 0.000523,
    "kitchenabvgr": 0.000435,
    "landcontour_Lvl": 0.000407,
    "mszoning_FV": 0.000367,
    "yrsold": 0.000359,
    "3ssnporch": 0.000331,
    "neighborhood_ClearCr": 0.000317,
    "bsmtfintype1_ALQ": 0.00031,
    "heatingqc_Fa": 0.00028,
    "id": 0.000244,
    "landcontour_HLS": 0.000241,
    "poolqc_Ex": 0.00023,
    "bedroomabvgr": 0.000215,
    "heating_GasA": 0.000189,
    "condition1_RRAe": 0.000186,
    "functional_Sev": 0.000184,
    "masvnrarea": 0.000183,
    "condition1_Artery": 0.00018,
    "landslope_Mod": 0.000166,
    "bsmtqual_TA": 0.000156,
    "neighborhood_NoRidge": 0.000146,
    "saletype_COD": 0.000135,
    "enclosedporch": 0.000134,
    "neighborhood_Mitchel": 0.000132,
    "lotconfig_FR3": 0.000123,
    "neighborhood_Somerst": 0.000117,
    "mssubclass": 9.3e-05,
    "housestyle_1.5Fin": 8.2e-05,
    "condition1_Feedr": 7.7e-05,
    "bsmtcond_Fa": 7.7e-05,
    "neighborhood_OldTown": 7.1e-05,
    "neighborhood_NridgHt": 7e-05,
    "heating_OthW": 6.9e-05,
    "condition1_PosN": 6.5e-05,
    "exterior2nd_AsbShng": 5.8e-05,
    "fence_GdWo": 5.5e-05,
    "mszoning_RH": 5.4e-05,
    "bsmtcond_TA": 5.1e-05,
    "exterior1st_HdBoard": 4.9e-05,
    "lotconfig_Inside": 4.4e-05,
    "neighborhood_Veenker": 4.4e-05,
    "bsmtexposure_Av": 4.1e-05,
    "housestyle_SLvl": 4.1e-05,
    "neighborhood_BrkSide": 4e-05,
    "exterior2nd_CmentBd": 3.8e-05,
    "fence_MnPrv": 3.1e-05,
    "garagefinish_RFn": 1.9e-05,
    "foundation_CBlock": 1.6e-05,
    "functional_Maj2": 1.4e-05,
    "electrical_SBrkr": 1.3e-05,
    "garagetype_Basment": 1.2e-05,
    "exterior1st_Wd Sdng": 1.1e-05,
    "roofmatl_CompShg": 1e-05,
    "housestyle_2Story": 8e-06,
    "bsmtfintype2_Rec": 5e-06,
    "housestyle_1Story": 4e-06,
    "bldgtype_TwnhsE": 3e-06,
    "bsmtfintype2_BLQ": 1e-06,
    "lotshape_IR3": 1e-06,
    "bsmtfintype1_LwQ": 0.0,
    "exterior1st_AsbShng": 0.0,
    "lowqualfinsf": 0.0,
    "bsmthalfbath": 0.0,
    "miscval": 0.0,
    "mszoning_C (all)": 0.0,
    "street_Grvl": 0.0,
    "street_Pave": 0.0,
    "alley_Grvl": 0.0,
    "alley_Pave": 0.0,
    "lotshape_IR1": 0.0,
    "lotshape_IR2": 0.0,
    "lotshape_Reg": 0.0,
    "landcontour_Low": 0.0,
    "utilities_AllPub": 0.0,
    "utilities_NoSeWa": 0.0,
    "lotconfig_Corner": 0.0,
    "lotconfig_FR2": 0.0,
    "landslope_Gtl": 0.0,
    "landslope_Sev": 0.0,
    "neighborhood_Blmngtn": 0.0,
    "neighborhood_Blueste": 0.0,
    "neighborhood_BrDale": 0.0,
    "neighborhood_CollgCr": 0.0,
    "neighborhood_Gilbert": 0.0,
    "neighborhood_IDOTRR": 0.0,
    "neighborhood_MeadowV": 0.0,
    "neighborhood_NAmes": 0.0,
    "neighborhood_NPkVill": 0.0,
    "neighborhood_NWAmes": 0.0,
    "neighborhood_SWISU": 0.0,
    "neighborhood_Sawyer": 0.0,
    "neighborhood_SawyerW": 0.0,
    "neighborhood_Timber": 0.0,
    "condition1_PosA": 0.0,
    "condition1_RRAn": 0.0,
    "condition1_RRNe": 0.0,
    "condition1_RRNn": 0.0,
    "condition2_Artery": 0.0,
    "condition2_Feedr": 0.0,
    "condition2_Norm": 0.0,
    "condition2_PosA": 0.0,
    "condition2_PosN": 0.0,
    "condition2_RRAe": 0.0,
    "condition2_RRAn": 0.0,
    "condition2_RRNn": 0.0,
    "bldgtype_2fmCon": 0.0,
    "bldgtype_Duplex": 0.0,
    "bldgtype_Twnhs": 0.0,
    "housestyle_1.5Unf": 0.0,
    "housestyle_2.5Fin": 0.0,
    "housestyle_2.5Unf": 0.0,
    "housestyle_SFoyer": 0.0,
    "roofstyle_Flat": 0.0,
    "roofstyle_Gable": 0.0,
    "roofstyle_Gambrel": 0.0,
    "roofstyle_Hip": 0.0,
    "roofstyle_Mansard": 0.0,
    "roofstyle_Shed": 0.0,
    "roofmatl_ClyTile": 0.0,
    "roofmatl_Metal": 0.0,
    "roofmatl_Roll": 0.0,
    "roofmatl_Tar&Grv": 0.0,
    "roofmatl_WdShake": 0.0,
    "roofmatl_WdShngl": 0.0,
    "exterior1st_AsphShn": 0.0,
    "exterior1st_BrkComm": 0.0,
    "exterior1st_CBlock": 0.0,
    "exterior1st_CemntBd": 0.0,
    "exterior1st_ImStucc": 0.0,
    "exterior1st_MetalSd": 0.0,
    "exterior1st_Plywood": 0.0,
    "exterior1st_Stone": 0.0,
    "exterior1st_Stucco": 0.0,
    "exterior1st_VinylSd": 0.0,
    "exterior1st_WdShing": 0.0,
    "exterior2nd_AsphShn": 0.0,
    "exterior2nd_Brk Cmn": 0.0,
    "exterior2nd_BrkFace": 0.0,
    "exterior2nd_CBlock": 0.0,
    "exterior2nd_HdBoard": 0.0,
    "exterior2nd_ImStucc": 0.0,
    "exterior2nd_MetalSd": 0.0,
    "exterior2nd_Other": 0.0,
    "exterior2nd_Plywood": 0.0,
    "exterior2nd_Stone": 0.0,
    "exterior2nd_Stucco": 0.0,
    "exterior2nd_VinylSd": 0.0,
    "exterior2nd_Wd Sdng": 0.0,
    "exterior2nd_Wd Shng": 0.0,
    "masvnrtype_BrkCmn": 0.0,
    "masvnrtype_BrkFace": 0.0,
    "masvnrtype_Stone": 0.0,
    "exterqual_Ex": 0.0,
    "exterqual_Fa": 0.0,
    "exterqual_Gd": 0.0,
    "exterqual_TA": 0.0,
    "extercond_Ex": 0.0,
    "extercond_Fa": 0.0,
    "extercond_Gd": 0.0,
    "extercond_Po": 0.0,
    "extercond_TA": 0.0,
    "foundation_BrkTil": 0.0,
    "foundation_PConc": 0.0,
    "foundation_Slab": 0.0,
    "foundation_Stone": 0.0,
    "foundation_Wood": 0.0,
    "bsmtqual_Fa": 0.0,
    "bsmtcond_Gd": 0.0,
    "bsmtcond_Po": 0.0,
    "bsmtexposure_Mn": 0.0,
    "bsmtfintype1_BLQ": 0.0,
    "bsmtfintype1_Rec": 0.0,
    "bsmtfintype1_Unf": 0.0,
    "bsmtfintype2_ALQ": 0.0,
    "bsmtfintype2_GLQ": 0.0,
    "bsmtfintype2_LwQ": 0.0,
    "bsmtfintype2_Unf": 0.0,
    "heating_Floor": 0.0,
    "heating_GasW": 0.0,
    "heating_Grav": 0.0,
    "heating_Wall": 0.0,
    "heatingqc_Ex": 0.0,
    "heatingqc_Gd": 0.0,
    "heatingqc_Po": 0.0,
    "heatingqc_TA": 0.0,
    "electrical_FuseA": 0.0,
    "electrical_FuseF": 0.0,
    "electrical_FuseP": 0.0,
    "kitchenqual_Fa": 0.0,
    "functional_Maj1": 0.0,
    "functional_Min1": 0.0,
    "functional_Min2": 0.0,
    "functional_Mod": 0.0,
    "fireplacequ_Ex": 0.0,
    "fireplacequ_Fa": 0.0,
    "fireplacequ_Gd": 0.0,
    "fireplacequ_Po": 0.0,
    "fireplacequ_TA": 0.0,
    "garagetype_2Types": 0.0,
    "garagetype_Attchd": 0.0,
    "garagetype_BuiltIn": 0.0,
    "garagetype_CarPort": 0.0,
    "garagetype_Detchd": 0.0,
    "garagefinish_Fin": 0.0,
    "garagequal_Ex": 0.0,
    "garagequal_Fa": 0.0,